<?xml version="1.0" encoding="UTF-8"?>
<preferences>
 <debug showDebugMenu="0" />
 <systemtable filter="Default">
  <columns>
   <opcodeName visible="0" />
   <connections preferredWidth="47" />
   <irq preferredWidth="34" />
   <export visible="0" />
  </columns>
 </systemtable>
 <clocktable>
  <columns>
   <clockname preferredWidth="204" />
   <clocksource preferredWidth="204" />
   <frequency preferredWidth="184" />
  </columns>
 </clocktable>
 <window width="1085" height="887" x="0" y="0" />
</preferences>
