<?xml version="1.0" encoding="UTF-8"?>
<preferences>
 <debug showDebugMenu="0" />
 <systemtable filter="Default">
  <columns>
   <opcodeName visible="0" />
   <connections preferredWidth="47" />
   <irq preferredWidth="34" />
   <export visible="0" />
  </columns>
 </systemtable>
 <clocktable>
  <columns>
   <clockname preferredWidth="137" />
   <clocksource preferredWidth="136" />
   <frequency preferredWidth="117" />
  </columns>
 </clocktable>
 <window width="900" height="600" x="0" y="0" />
</preferences>
