<?xml version="1.0" ?>
<LOG_ROOT>
	<PROJECT NAME="DE2_115_TV">
		<CBX_INST_ENTRY INSTANCE_NAME="|DE2_115_TV|Line_Buffer:u11|altshift_taps:altshift_taps_component" CBX_FILE_NAME="shift_taps_aqs.tdf"/>
		<CBX_INST_ENTRY INSTANCE_NAME="|DE2_115_TV|Sdram_Control_4Port:u6|Sdram_WR_FIFO:write_fifo2|dcfifo:dcfifo_component" CBX_FILE_NAME="dcfifo_k5m1.tdf"/>
		<CBX_INST_ENTRY INSTANCE_NAME="|DE2_115_TV|DIV:u5|lpm_divide:lpm_divide_component" CBX_FILE_NAME="lpm_divide_vat.tdf"/>
		<CBX_INST_ENTRY INSTANCE_NAME="|DE2_115_TV|Line_Buffer:u10|altshift_taps:altshift_taps_component" CBX_FILE_NAME="shift_taps_aqs.tdf"/>
		<CBX_INST_ENTRY INSTANCE_NAME="|DE2_115_TV|Sdram_Control_4Port:u6|Sdram_RD_FIFO:read_fifo1|dcfifo:dcfifo_component" CBX_FILE_NAME="dcfifo_k5m1.tdf"/>
		<CBX_INST_ENTRY INSTANCE_NAME="|DE2_115_TV|Sdram_Control_4Port:u6|Sdram_WR_FIFO:write_fifo1|dcfifo:dcfifo_component" CBX_FILE_NAME="dcfifo_k5m1.tdf"/>
		<CBX_INST_ENTRY INSTANCE_NAME="|DE2_115_TV|YCbCr2RGB:u8|MAC_3:u0|altmult_add:ALTMULT_ADD_component" CBX_FILE_NAME="mult_add_mj74.tdf"/>
		<CBX_INST_ENTRY INSTANCE_NAME="|DE2_115_TV|YCbCr2RGB:u8|MAC_3:u2|altmult_add:ALTMULT_ADD_component" CBX_FILE_NAME="mult_add_mj74.tdf"/>
		<CBX_INST_ENTRY INSTANCE_NAME="|DE2_115_TV|Sdram_Control_4Port:u6|Sdram_RD_FIFO:read_fifo2|dcfifo:dcfifo_component" CBX_FILE_NAME="dcfifo_k5m1.tdf"/>
		<CBX_INST_ENTRY INSTANCE_NAME="|DE2_115_TV|YCbCr2RGB:u8|MAC_3:u1|altmult_add:ALTMULT_ADD_component" CBX_FILE_NAME="mult_add_mj74.tdf"/>
	</PROJECT>
</LOG_ROOT>
